{
    "ast_type": "Module",
    "body": [
        {
            "ast_type": "Assign",
            "col_offset": 0,
            "end_col_offset": 10,
            "end_lineno": 1,
            "lineno": 1,
            "targets": [
                {
                    "ast_type": "Name",
                    "col_offset": 0,
                    "ctx": {
                        "ast_type": "Store"
                    },
                    "end_col_offset": 1,
                    "end_lineno": 1,
                    "id": "a",
                    "lineno": 1
                }
            ],
            "type_comment": null,
            "value": {
                "args": [
                    {
                        "ast_type": "Constant",
                        "col_offset": 4,
                        "end_col_offset": 9,
                        "end_lineno": 1,
                        "kind": null,
                        "lineno": 1,
                        "value": "ola"
                    }
                ],
                "ast_type": "Call",
                "col_offset": 2,
                "end_col_offset": 10,
                "end_lineno": 1,
                "func": {
                    "ast_type": "Name",
                    "col_offset": 2,
                    "ctx": {
                        "ast_type": "Load"
                    },
                    "end_col_offset": 3,
                    "end_lineno": 1,
                    "id": "b",
                    "lineno": 1
                },
                "keywords": [],
                "lineno": 1
            }
        },
        {
            "ast_type": "Assign",
            "col_offset": 0,
            "end_col_offset": 19,
            "end_lineno": 2,
            "lineno": 2,
            "targets": [
                {
                    "ast_type": "Name",
                    "col_offset": 0,
                    "ctx": {
                        "ast_type": "Store"
                    },
                    "end_col_offset": 1,
                    "end_lineno": 2,
                    "id": "c",
                    "lineno": 2
                }
            ],
            "type_comment": null,
            "value": {
                "args": [
                    {
                        "ast_type": "Constant",
                        "col_offset": 4,
                        "end_col_offset": 8,
                        "end_lineno": 2,
                        "kind": null,
                        "lineno": 2,
                        "value": "oi"
                    },
                    {
                        "args": [
                            {
                                "args": [
                                    {
                                        "ast_type": "Name",
                                        "col_offset": 13,
                                        "ctx": {
                                            "ast_type": "Load"
                                        },
                                        "end_col_offset": 14,
                                        "end_lineno": 2,
                                        "id": "a",
                                        "lineno": 2
                                    }
                                ],
                                "ast_type": "Call",
                                "col_offset": 11,
                                "end_col_offset": 15,
                                "end_lineno": 2,
                                "func": {
                                    "ast_type": "Name",
                                    "col_offset": 11,
                                    "ctx": {
                                        "ast_type": "Load"
                                    },
                                    "end_col_offset": 12,
                                    "end_lineno": 2,
                                    "id": "f",
                                    "lineno": 2
                                },
                                "keywords": [],
                                "lineno": 2
                            }
                        ],
                        "ast_type": "Call",
                        "col_offset": 9,
                        "end_col_offset": 16,
                        "end_lineno": 2,
                        "func": {
                            "ast_type": "Name",
                            "col_offset": 9,
                            "ctx": {
                                "ast_type": "Load"
                            },
                            "end_col_offset": 10,
                            "end_lineno": 2,
                            "id": "e",
                            "lineno": 2
                        },
                        "keywords": [],
                        "lineno": 2
                    },
                    {
                        "ast_type": "Name",
                        "col_offset": 17,
                        "ctx": {
                            "ast_type": "Load"
                        },
                        "end_col_offset": 18,
                        "end_lineno": 2,
                        "id": "a",
                        "lineno": 2
                    }
                ],
                "ast_type": "Call",
                "col_offset": 2,
                "end_col_offset": 19,
                "end_lineno": 2,
                "func": {
                    "ast_type": "Name",
                    "col_offset": 2,
                    "ctx": {
                        "ast_type": "Load"
                    },
                    "end_col_offset": 3,
                    "end_lineno": 2,
                    "id": "d",
                    "lineno": 2
                },
                "keywords": [],
                "lineno": 2
            }
        },
        {
            "ast_type": "Expr",
            "col_offset": 0,
            "end_col_offset": 4,
            "end_lineno": 3,
            "lineno": 3,
            "value": {
                "args": [
                    {
                        "ast_type": "Name",
                        "col_offset": 2,
                        "ctx": {
                            "ast_type": "Load"
                        },
                        "end_col_offset": 3,
                        "end_lineno": 3,
                        "id": "c",
                        "lineno": 3
                    }
                ],
                "ast_type": "Call",
                "col_offset": 0,
                "end_col_offset": 4,
                "end_lineno": 3,
                "func": {
                    "ast_type": "Name",
                    "col_offset": 0,
                    "ctx": {
                        "ast_type": "Load"
                    },
                    "end_col_offset": 1,
                    "end_lineno": 3,
                    "id": "e",
                    "lineno": 3
                },
                "keywords": [],
                "lineno": 3
            }
        }
    ],
    "type_ignores": []
}
