{
    "ast_type": "Module",
    "body": [
        {
            "ast_type": "Expr",
            "col_offset": 0,
            "end_col_offset": 19,
            "end_lineno": 1,
            "lineno": 1,
            "value": {
                "args": [
                    {
                        "args": [
                            {
                                "args": [
                                    {
                                        "ast_type": "Constant",
                                        "col_offset": 6,
                                        "end_col_offset": 16,
                                        "end_lineno": 1,
                                        "kind": null,
                                        "lineno": 1,
                                        "value": "username"
                                    }
                                ],
                                "ast_type": "Call",
                                "col_offset": 4,
                                "end_col_offset": 17,
                                "end_lineno": 1,
                                "func": {
                                    "ast_type": "Name",
                                    "col_offset": 4,
                                    "ctx": {
                                        "ast_type": "Load"
                                    },
                                    "end_col_offset": 5,
                                    "end_lineno": 1,
                                    "id": "a",
                                    "lineno": 1
                                },
                                "keywords": [],
                                "lineno": 1
                            }
                        ],
                        "ast_type": "Call",
                        "col_offset": 2,
                        "end_col_offset": 18,
                        "end_lineno": 1,
                        "func": {
                            "ast_type": "Name",
                            "col_offset": 2,
                            "ctx": {
                                "ast_type": "Load"
                            },
                            "end_col_offset": 3,
                            "end_lineno": 1,
                            "id": "t",
                            "lineno": 1
                        },
                        "keywords": [],
                        "lineno": 1
                    }
                ],
                "ast_type": "Call",
                "col_offset": 0,
                "end_col_offset": 19,
                "end_lineno": 1,
                "func": {
                    "ast_type": "Name",
                    "col_offset": 0,
                    "ctx": {
                        "ast_type": "Load"
                    },
                    "end_col_offset": 1,
                    "end_lineno": 1,
                    "id": "z",
                    "lineno": 1
                },
                "keywords": [],
                "lineno": 1
            }
        }
    ],
    "type_ignores": []
}
