{
    "ast_type": "Module",
    "body": [
        {
            "ast_type": "If",
            "body": [
                {
                    "ast_type": "Assign",
                    "col_offset": 3,
                    "end_col_offset": 8,
                    "end_lineno": 2,
                    "lineno": 2,
                    "targets": [
                        {
                            "ast_type": "Name",
                            "col_offset": 3,
                            "ctx": {
                                "ast_type": "Store"
                            },
                            "end_col_offset": 4,
                            "end_lineno": 2,
                            "id": "a",
                            "lineno": 2
                        }
                    ],
                    "type_comment": null,
                    "value": {
                        "args": [],
                        "ast_type": "Call",
                        "col_offset": 5,
                        "end_col_offset": 8,
                        "end_lineno": 2,
                        "func": {
                            "ast_type": "Name",
                            "col_offset": 5,
                            "ctx": {
                                "ast_type": "Load"
                            },
                            "end_col_offset": 6,
                            "end_lineno": 2,
                            "id": "b",
                            "lineno": 2
                        },
                        "keywords": [],
                        "lineno": 2
                    }
                },
                {
                    "ast_type": "If",
                    "body": [
                        {
                            "ast_type": "Assign",
                            "col_offset": 6,
                            "end_col_offset": 12,
                            "end_lineno": 4,
                            "lineno": 4,
                            "targets": [
                                {
                                    "ast_type": "Name",
                                    "col_offset": 6,
                                    "ctx": {
                                        "ast_type": "Store"
                                    },
                                    "end_col_offset": 7,
                                    "end_lineno": 4,
                                    "id": "a",
                                    "lineno": 4
                                }
                            ],
                            "type_comment": null,
                            "value": {
                                "args": [
                                    {
                                        "ast_type": "Name",
                                        "col_offset": 10,
                                        "ctx": {
                                            "ast_type": "Load"
                                        },
                                        "end_col_offset": 11,
                                        "end_lineno": 4,
                                        "id": "a",
                                        "lineno": 4
                                    }
                                ],
                                "ast_type": "Call",
                                "col_offset": 8,
                                "end_col_offset": 12,
                                "end_lineno": 4,
                                "func": {
                                    "ast_type": "Name",
                                    "col_offset": 8,
                                    "ctx": {
                                        "ast_type": "Load"
                                    },
                                    "end_col_offset": 9,
                                    "end_lineno": 4,
                                    "id": "f",
                                    "lineno": 4
                                },
                                "keywords": [],
                                "lineno": 4
                            }
                        }
                    ],
                    "col_offset": 3,
                    "end_col_offset": 12,
                    "end_lineno": 6,
                    "lineno": 3,
                    "orelse": [
                        {
                            "ast_type": "Assign",
                            "col_offset": 6,
                            "end_col_offset": 12,
                            "end_lineno": 6,
                            "lineno": 6,
                            "targets": [
                                {
                                    "ast_type": "Name",
                                    "col_offset": 6,
                                    "ctx": {
                                        "ast_type": "Store"
                                    },
                                    "end_col_offset": 7,
                                    "end_lineno": 6,
                                    "id": "c",
                                    "lineno": 6
                                }
                            ],
                            "type_comment": null,
                            "value": {
                                "args": [
                                    {
                                        "ast_type": "Name",
                                        "col_offset": 10,
                                        "ctx": {
                                            "ast_type": "Load"
                                        },
                                        "end_col_offset": 11,
                                        "end_lineno": 6,
                                        "id": "a",
                                        "lineno": 6
                                    }
                                ],
                                "ast_type": "Call",
                                "col_offset": 8,
                                "end_col_offset": 12,
                                "end_lineno": 6,
                                "func": {
                                    "ast_type": "Name",
                                    "col_offset": 8,
                                    "ctx": {
                                        "ast_type": "Load"
                                    },
                                    "end_col_offset": 9,
                                    "end_lineno": 6,
                                    "id": "d",
                                    "lineno": 6
                                },
                                "keywords": [],
                                "lineno": 6
                            }
                        }
                    ],
                    "test": {
                        "ast_type": "Compare",
                        "col_offset": 7,
                        "comparators": [
                            {
                                "ast_type": "Constant",
                                "col_offset": 9,
                                "end_col_offset": 10,
                                "end_lineno": 3,
                                "kind": null,
                                "lineno": 3,
                                "value": 3
                            }
                        ],
                        "end_col_offset": 10,
                        "end_lineno": 3,
                        "left": {
                            "ast_type": "Name",
                            "col_offset": 7,
                            "ctx": {
                                "ast_type": "Load"
                            },
                            "end_col_offset": 8,
                            "end_lineno": 3,
                            "id": "c",
                            "lineno": 3
                        },
                        "lineno": 3,
                        "ops": [
                            {
                                "ast_type": "Lt"
                            }
                        ]
                    }
                }
            ],
            "col_offset": 0,
            "end_col_offset": 12,
            "end_lineno": 6,
            "lineno": 1,
            "orelse": [],
            "test": {
                "ast_type": "Compare",
                "col_offset": 3,
                "comparators": [
                    {
                        "ast_type": "Constant",
                        "col_offset": 5,
                        "end_col_offset": 6,
                        "end_lineno": 1,
                        "kind": null,
                        "lineno": 1,
                        "value": 0
                    }
                ],
                "end_col_offset": 6,
                "end_lineno": 1,
                "left": {
                    "ast_type": "Name",
                    "col_offset": 3,
                    "ctx": {
                        "ast_type": "Load"
                    },
                    "end_col_offset": 4,
                    "end_lineno": 1,
                    "id": "c",
                    "lineno": 1
                },
                "lineno": 1,
                "ops": [
                    {
                        "ast_type": "Gt"
                    }
                ]
            }
        },
        {
            "ast_type": "Expr",
            "col_offset": 0,
            "end_col_offset": 6,
            "end_lineno": 7,
            "lineno": 7,
            "value": {
                "args": [
                    {
                        "ast_type": "Name",
                        "col_offset": 2,
                        "ctx": {
                            "ast_type": "Load"
                        },
                        "end_col_offset": 3,
                        "end_lineno": 7,
                        "id": "a",
                        "lineno": 7
                    },
                    {
                        "ast_type": "Name",
                        "col_offset": 4,
                        "ctx": {
                            "ast_type": "Load"
                        },
                        "end_col_offset": 5,
                        "end_lineno": 7,
                        "id": "c",
                        "lineno": 7
                    }
                ],
                "ast_type": "Call",
                "col_offset": 0,
                "end_col_offset": 6,
                "end_lineno": 7,
                "func": {
                    "ast_type": "Name",
                    "col_offset": 0,
                    "ctx": {
                        "ast_type": "Load"
                    },
                    "end_col_offset": 1,
                    "end_lineno": 7,
                    "id": "e",
                    "lineno": 7
                },
                "keywords": [],
                "lineno": 7
            }
        }
    ],
    "type_ignores": []
}
